user_id,lr_score,n_posts,n_threads,n_threads_with_P_user,frac_threads_with_P_user,n_P_users_uid_reacted_to,n_P_users_who_reacted_to_uid,min_gap_sec_to_P_in_shared_thread,median_gap_sec_to_P_in_shared_thread,sample_thread_titles,longest_post_1,longest_post_2,longest_post_3,most_reacted_post_1,most_reacted_post_2
6975355,0.984,9,5,4,0.8,0,0,1136.0,13512.0,ประยุทธ์ จันทร์โอชา Prayut Chanocha พี่น้องประชาชนชาวไทยที่รักครับ | แล้วยังไงต่อ | มีใครเลือก พท. กก. คนละใบเหมือนผมไหมนิ แบบเชียร์ทั้งคู่ แล้วคิดกันยังไง กับสถาณการณ์ตอนนี้ | ข่าว ฉีกMOU เป็นฝ่ายค้าน เป็นละครตบตาการเมือง ดีลลับฮ่องกง นายสมชาย แสวงการ สมาชิกวุฒิสภาส.ว. รู้ทัน | พลิกปมการเมืองทักษิณ หักหลัง สมัคร สุนทรเวชถึงกลุ่มคนเสื้อแดง ล่าสุดหักหลังพรรคก้าวไกล อนาคตใครเป็นรายต่อไป,ประยุทธ์ จันทร์โอชา prayut chanocha พี่น้องประชาชนชาวไทยที่รักครับ ผมยังคงเฝ้าติดตาม ผลักดัน และกำกับดูแลแผนงานโครงการต่างๆ ที่ได้ริเริ่ม หรือสานต่อไว้ในทุกๆ เรื่องอย่างต่อเนื่อง และเสมอต้นเสมอปลาย โด…,ข่าว ฉีกmou เป็นฝ่ายค้าน เป็นละครตบตาการเมือง ดีลลับฮ่องกง นายสมชาย แสวงการ สมาชิกวุฒิสภาส.ว. รู้ทัน ดูละครโกหกการเมือง ฉีกmou อ้างสปิริตช่วยโหวตปิดสวิซต์สว ตบตาเป็นฝ่ายค้านเทียม ถอยรอจังหวะปรับครม แก…,พลิกปมการเมืองทักษิณ หักหลัง สมัคร สุนทรเวชถึงกลุ่มคนเสื้อแดง ล่าสุดหักหลังพรรคก้าวไกล อนาคตใครเป็นรายต่อไป เมื่อพลิกย้อนประวัติศาสตร์การเมืองไทย สภาพนอมินีแต่ละคนของทักษิณ มีจุดจบที่ไม่สวยเลย,ประยุทธ์ จันทร์โอชา prayut chanocha พี่น้องประชาชนชาวไทยที่รักครับ ผมยังคงเฝ้าติดตาม ผลักดัน และกำกับดูแลแผนงานโครงการต่างๆ ที่ได้ริเริ่ม หรือสานต่อไว้ในทุกๆ เรื่องอย่างต่อเนื่อง และเสมอต้นเสมอปลาย โด…,ข่าว ฉีกmou เป็นฝ่ายค้าน เป็นละครตบตาการเมือง ดีลลับฮ่องกง นายสมชาย แสวงการ สมาชิกวุฒิสภาส.ว. รู้ทัน ดูละครโกหกการเมือง ฉีกmou อ้างสปิริตช่วยโหวตปิดสวิซต์สว ตบตาเป็นฝ่ายค้านเทียม ถอยรอจังหวะปรับครม แก…
144086,0.96,26,12,12,1.0,0,1,44.0,2575.0,@@@ ดวงฤทธิ์ เพิ่งรู้ @@@ | @@@ หว่านพืชเช่นไร ได้ผลแบบนั้น @@@ | @@@ เวลาไหว้ ไม่ละอายใจ@@@ | @@@ จำคุกธาริต จิ้งจกเปลี่ยนสี @@@ | @@@@ กกต.มีมติส่งศาลรธน. @@@,สืบเนื่องจากการรีทวิตข้อความถึงเทย์เลอร์ สวิฟ์ต ของนายพิธา ลิ้มเจริญรัตน์ นายดวงฤทธิ์ บุนนาค แกนนำกลุ่ม care คิดเคลื่อนไทย ได้ทวิตต์ข้อความเมื่อวันที่ 9 ก.ค. 66 เวลา 839 น. อธิบายถึงเหตุผลที่ศิลปินที่…,กกต.มีมติส่งศาลรธน. ด่วน‼️กกต.เชือด พิธาแล้ว มีมติส่งศาลรธน.ฟันพ้นส.ส. เหตุถือหุ้นitv พร้อมขอสั่งหยุดปฏิบัติหน้าที่ ด้านสนง.ยื่นคำร้องทันที จับตาศาลรธน.อาจนำเข้าพิจารณาบ่ายนี้ วันนี้12ก.ค. ที่ประชุมกก…,นึกถึงคำพูด ปรีดี อีกแล้ว ก้าวไกลไม่ถอยค่ะ จากชัยธวัช นึกถึง คำพูดของปรีดี อีกแล้ว “เมื่อข้าพเจ้ามีอำนาจ ก็ไม่มีประสบการณ์ แต่เมื่อข้าพเจ้ามีประสบการณ์ ก็ไม่มีอำนาจ” —— มันไม่ใช่ “การถ่มน้ำลายรดฟ้า” แ…,คดีนี้สนุกกว่า,หว่านพืชเช่นไร ได้ผลแบบนั้น รอดูจุดจบของแดดดี้ และพรรคพวก แดงต้มแดง
6555645,0.96,155,67,59,0.881,21,7,18.0,2627.5,ไม่เข้าใจว่าทำไม ก้าวไกล ถึงไม่ดันแคนดิเดตนายกที่ไม่มีจุดอ่อน ที่จะเป็นปัญหาในภายหลังแบบนี้ | ถึงตอนนี้เห็นได้ชัดเลยว่ามีเพียงเพื่อไทยเท่านั้นที่เป็นเพื่อนแท้เพื่อนตายของก้าวไกลถ้าพิธาไม่ได้เป็นนายกก็ฝากให้เพื่อไทย | ถ้าท่านเป็นก้าวไกลจะทำไงต่อดีครับ จะยื้อโหวตอีกหลายรอบมั๊ยครับ หรือปล่อยให้เพื่อไทยซะที | สุเทพ สนธิ จำลองและอภิสิทธิ์ดูไว้ เกิดเป็นคนต้องรักษาสัจจะ | ว่าที่นายก คุณพิธา จะเดินสายพบปะพี่น้องประชาชนอีกไหมครับ,ทำหนึ่งนโยบายเพื่อไม่ได้ทำอีก 299 นโยบาย หรือว่าทำ 299 นโยบายเพื่อไม่ได้ทำ 1 นโยบาย น่าจะคิดกันได้นะ จริงๆถ้า 1 นโยบายนั้นมันสำคัญจริงๆ ผมอาจจะยึด 1 นโยบายยอมสละ 299 นโยบาย แต่ที่คุณมั่นใจว่า 1 นโยบาย…,ใจเขา ใจเรา ถ้าเป็นเราก็อาจจะทำใจยอมรับได้ยากนะ โอกาสจะได้เป็นนายก มันแค่เอื้อมเอง แต่สุดท้ายก็ไม่ได้ ใจเขา ใจเรา ใจของมนุษย์ปุธุชน ให้เวลาพิธาทำใจ แฟนคลับส้มทำใจ กันอีกสักสัปดาห์ แต่อย่าลืมว่าประเทศไ…,ถ้าดูจากการแสดงความเห็นจริงๆข้างนอก จะบอกว่านี่คือเป้าหมายเบอร์ต้นๆเลยครับ แต่พวกเขามีเป้าหมายสุดท้ายคือการเปลี่ยนแปลงสังคมไปเลยนะ มองว่าสถาบันคือขวากหนามอันนึงที่จะกันไม่ให้พวกเขาไปถึงเป้าหมายสุดท้าย…,แม่ผมเลือกก้าวไกลเพราะเงินผู้ชรา 3000 ถามแม่ว่าเลือกตั้งใหม่จะเลือกก้าวไกลไหมแม่บอกไม่เลือกแล้วพรรคนี้มันบ้าเรื่องสถาบัน คือแม่ก็งงทำไมไม่ถอยเรื่อง 112 จะได้ทำเรื่องสารพัดเรื่องรวมทั้งเงินชรา 3000 นี้…,ขอร้องเลยนะครับ สมาชิกห้องราชดำเนินที่ชอบโพสรูปติดกันเป็นแผง ช่วยโพสแค่รูปเดียวเถอะครับ มันรบกวนท่านอื่นๆจริงๆครับ คือ ถ้าสมาชิกท่านอื่นๆรำคาญท่าน แล้วท่านจะได้ประโยชน์อะไรล่ะครับ ถ้ามีคนเบื่อการกระทำ…
7412586,0.947,8,4,3,0.75,0,2,485.0,47477.5,ลูงตู่สร้างความเจริญให้ประเทศไทย | ไทม์ไลน์เรื่องหนี้ IMF นายกฯประยุทธ์ ให้ IMF กู้เงินจากไทย เป็นจำนวน 41508.51 ล้านบาท | ทักษิณ IMF | จตุพร จี้ ส.ว. เอาไง อุ๊งอิ๊ง เศรษฐา หนุนแก้ 112 ทักษิณ ไม่กล้าเขี่ย ก้าวไกล,ไทม์ไลน์เรื่องหนี้ imf นายกฯประยุทธ์ ให้ imf กู้เงินจากไทย เป็นจำนวน 41508.51 ล้านบาท imf ระบุว่า ไทยเป็นประเทศที่มีอัตราการว่างงาน ต่ำที่สุดในโลก ทั้งในปี 2565 และ คาดว่า 2566 ด้วย เพียง 1 ขณะที่ค่าเ…,ไหนๆ ก็มาขนาดนี้แล้ว ต่อให้อีกนิดนึงครับ 4. หลังจากทักษิณหนีไปนอกประเทศ ปูก็ทำเศรษฐกิจไทยเละด้วยนโยบายจำนำข้าวและค่าแรง 5. ประยุทธ์เข้ามาเช็ดขี้ที่ปูทำไว้ และทำได้ถึงขั้นกลายเป็นเจ้าหนี้ imf แทนด้วยกา…,ไหนๆก็พูดแล้ว ไทม์ไลน์ของเรื่องคือ 1. ฟองสบู่แตกยุคบิ๊กจิ๋ว ทักษิณรวยขึ้นมาแบบมหาศาลในตอนนั้น 2. ชวนเข้ามาแก้ปัญหา และฟื้นฟูประเทศ ด้วยนโยบายรัดเข็มขัด และกู้เงิน imf จำนวน 17200 ล้านเหรียญสหรัฐ ราว 6…,ลูงตู่สร้างความเจริญให้ประเทศไทย landmark แห่งใหม่ รถไฟทางคู่ มาบกะเบาชุมทางถนนจิระ,ไทม์ไลน์เรื่องหนี้ imf ของประเทศไทย ประเทศไทยเราก็ใช้หนี้ imf ก่อนกำหนด 2 ปีจริง แต่ใช้หนี้ด้วยวิธีการไปกู้เงินดอกเบี้ยสูงมาโปะหนี้ imf ที่ดอกเบี้ยต่ำกว่า ถ้าภาษาสุภาพเราจะเรียกวิธีการแก้ปัญหาแบบนี้ว่…
238160,0.939,47,19,17,0.895,4,1,56.0,6223.0,ลุงตู่วางมือ แต่ Last Boss ตัวจริงคือลุงป้อม | ส.ส.งูเห่าต่อไปจะยังไง | 13 ก.ค.2566 ภาวนาให้คุณพิธาได้นายก วันเริ่มต้นการสิ้นสุดของพวกโกงกินสิ้นชาติรีดไถปล้นเอารัดเอาเปรียบประชาชน | และแล้ว เมืองไทยก็มีนายกฯหญิงจากชินวัตรถึง 2 คน ก่อนตระกูลใด ๆ | จะเกิดอะไรขึ้นกับ กกต. ไหม,คุณเชื่อเหรอว่าลุงตู่แกวางมือจริง ผมคนนึงละที่ไม่เชื่อ อย่าลืมว่าแกยังเป็นนายกรักษาการอยู่ และยังมีอำนาจเต็มในการจัดการผู้ที่เห็นต่างด้วยอำนาจล้นฟ้าในมือ การแสร้งออกข่าวว่าจะวางมือ ก็เพราะส่วนหนึ่งแพ้…,เพื่อไทยบอกว่าไม่ร่วมนั่นถูกแล้วครับ เพราะร่วมเมื่อไหร่ก็คือเดินลงเหวทั้งพรรค แต่งูเห่าที่ซ่อนอยู่ในพรรคอาจไม่ได้คิดแบบนั้น โดยเฉพาะพวกย้ายมาเป็น 10 พรรคแล้วนั่นหละตัวดี พวกนี้ไม่สนอุดมการใดๆ เงิน อำน…,ที่จริงต้องการคอมเม้นท์ก็แฟรงส์ๆเลยครับ อย่าเป็นอีแอบ นี่ดีว่าผมเข้าอ่านเลยเจอการพาดพิง ก็ต้องตอบตามมารยาทครับ ในเมื่อคุณเขียนถึงผม แต่ที่จริงถ้าคุยกันดีๆไม่เสียดสีหรือพาดพิงทางลบ ผมก็คุยดีด้วยนะ ถึงเ…,กกต. คงเจอทั้งขู่ทั้งปลอบจากบรรดาผู้สูงวัยทั้งหลาย จนยอมกดปุ่มระเบิดพลีชีพจนได้ แต่คงเชื่อมั่นในอำนาจมืดที่มีมากพอ ไม่น่าจะเป็นปัญหาใดๆ คดีทั้งหมดของก้าวไกลคงถูกยกคำร้องทั้งหมดอย่างแน่นอน การเมืองไทยม…,ผมแนะนำให้คุณไปอ่านกระทู้ที่ผมตั้งไว้ ค่อยอ่านๆทีละบรรทัด ทั้ง 2 ตอน จะย้อนไปกระทู้อื่นๆก็ได้ แล้วจะเข้าใจภาวะการเมืองไทยได้ดีขึ้นครับ devide and rule ยุทธการแก้เกมส์ของฝั่งอนุรักษ์นิยม กลยุทธทางรอดขอ…
7382498,0.927,49,30,22,0.733,0,3,91.0,4758.0,อัปเดตอีกหนึ่งผลงาน รัฐบาลนายกฯ ลุงตู่ ดีที่สุดในประวัติศาสตร์การเมืองประเทศไทย | เอาภูมิใจไทยเข้ามาก็จบไหม ยอมเรื่องกัญชาอย่างเดียว | ไม่น่าเชื่อว่า คนในพันทิป นิยมเผด็จการ ไม่ยอมรับผลการเลือกตั้ง เห็นผิดเป็นชอบ | ศาลรธน.รับคำร้องปม “พิธาก้าวไกล” ใช้สิทธิหรือเสรีภาพเพื่อล้มล้างการปกครองระบอบประชาธิปไตย | ศาลรัฐธรรมนูญมีมติเสียงข้างมาก 7 ต่อ 2 มีคำสั่งให้นายพิธาหยุดปฏิบัติหน้าที่ส.สตั้งแต่วันที่ 19 ก.ค 2566,โครงการรถไฟฟ้าสายสีม่วง ช่วงเตาปูน ราษฎร์บูรณะ วงแหวนกาญจนาภิเษก เป็นโครงการตามแผนแม่บทระบบขนส่งมวลชนทางรางในเขตกรุงเทพมหานครและปริมณฑล เชื่อมต่อกับรถไฟฟ้ามหานครสายฉลองรัชธรรม เพื่ออำนวยดวามสะดวกด้านก…,เอาเรื่องการให้ท้ายเด็กเป็นส่วนหนึ่งของคำปราศรัยเพื่อเรียกหาการสนับสนุนจากเด็กที่ขาดวุฒิภาวะ หลงใหลคำชมที่กระตุ้นการทำเลว เมื่อเด็กๆโดนคดี ก็จะมี สส. ของพรรคไปประกันตัว ทั้งหมดนี้เป็นการสนับสนุนด้อมขอ…,เรื่องนี้ดูใหญ่มาก แต่อยากได้คำตอบ ใครสนับสนุนเงินทุน พรรคก้าวไกล นักเคลื่อนไหว ยกเลิก112 ไปทำอะไรกันที่ฝรั่งเศส ใครสนับสนุนเงินทุนในการจัดสัมมนาครั้งนี้ คนเข้าร่วมส่วนใหญ่เป็นคนไทย หลายคน ปัจจุบันลี้…,เจ๊จุก แฉต่อรัว ๆ ข้อมูลกลุ่มทุนต่างชาติหนุนหลังโรมพรคคก้าวไกล กดอ่านข่าวที่,เรื่องนี้ดูใหญ่มาก แต่อยากได้คำตอบ ใครสนับสนุนเงินทุน พรรคก้าวไกล นักเคลื่อนไหว ยกเลิก112 ไปทำอะไรกันที่ฝรั่งเศส ใครสนับสนุนเงินทุนในการจัดสัมมนาครั้งนี้ คนเข้าร่วมส่วนใหญ่เป็นคนไทย หลายคน ปัจจุบันลี้…
597013,0.909,68,39,31,0.795,0,5,3.0,9837.0,13 ก.ค.2566 ภาวนาให้คุณพิธาได้นายก วันเริ่มต้นการสิ้นสุดของพวกโกงกินสิ้นชาติรีดไถปล้นเอารัดเอาเปรียบประชาชน | ไม่เกิน 12 ครั้งคุณพิธาเป็นนายกรัฐมนตรีคนที่ 30 ของประเทศไทยครับ สู้ๆครับ | ก้าวไกลควรประกาศเชิดชูเกียรติหรือมอบเหรียญให้แด่ 13 สว. และ | เขาอุตส่าห์อธิบายปากเปื่อยปากแฉะก็ไม่ฟังกัน | แก่แล้วควรทำอะไรกันดีในทางการเมือง,ฉากทัศน์ผมหัวดื้อรั้นอยากเป็นนายกให้ได้ ผมเป็นโรคหัวใจตามประสาคนแก่นะครับ เวลาลุกแล้วเดินไป 4 5 ก้าวก็ต้องหาหลักอะไรก็ได้ที่จับเพื่อกันล้มลงเพราะความวูบนะครับ อยู่บ้านผมใส่เสื้อกุยเฮงและกางเกงจับหมู ก…,วันที่ 19 ก.ค.2566 วันที่จะได้เห็นธาตุแท้ของคนครับ 13 ก.ค.2566 เห็นมาครั้งหนึ่งแล้วนะครับ วันนี้จะได้เห็นอีกวันหนึ่ง หาดูยาก คนที่เลือกใครไว้ก็ดูเอาเองนะครับ แม้ประชาชนหลากหลายสาขาอาชีพจะกระหึ่มกึกก้อ…,เมื่อเห็นความรู้สึกของประชาชนคนอื่นที่รักความเป็นธรรมออกมาแสดงความรู้สึกถึงคนพาลทั้งปวง มีอีกเยอะมากนะครับ กระผมอายุใกล้เต็ม 63 ปีแล้ว เห็นกลุ่มทะลุวัง เห็น บก.ลายจุด จัดม๊อบ เห็นคุณพิธาทางด้านตะวันออ…,เมื่อเห็นความรู้สึกของประชาชนคนอื่นที่รักความเป็นธรรมออกมาแสดงความรู้สึกถึงคนพาลทั้งปวง มีอีกเยอะมากนะครับ กระผมอายุใกล้เต็ม 63 ปีแล้ว เห็นกลุ่มทะลุวัง เห็น บก.ลายจุด จัดม๊อบ เห็นคุณพิธาทางด้านตะวันออ…,เขาอุตส่าห์อธิบายปากเปื่อยปากแฉะก็ไม่ฟังกัน ขงเบ้งก้าวไกล กับ คุณ นายกพิธา อธิบายเรื่อง ม.112 ในรัฐสภาก็ไม่ฟังให้เข้าใจกัน คุณปิยบุตร ก็ยกเรื่องราวความเป็นมามาแจกแจงให้ฟังอย่างง่ายๆ ก็ไม่ฟังกันให้เข้า…
4090409,0.908,64,23,16,0.696,5,4,15.0,3161.0,มิติใหม่ของการแจกกล้วย แม้แต่ธรรมนัสและอนุทินยังอึ้ง | คนนี้น่าจะเป็นอธิบดีกรมพัฒนาฝีมือแรงงานได้นะครับ | โหวตอีกครั้งต่อไป ก้าวไกลต้องแจกกล้วย | ทัวร์ก้าวไกล จะลงโหนกระแสมั๊ย | แม่น ไม่แม่น,นายบรรยง พงษ์พานิช ประธานกรรมการบริหารและกรรมการ ธนาคารเกียรตินาคินภัทร หรือ kkp และในฐานะผู้เชี่ยวชาญทางด้านเศรษฐศาสตร์ประเทศไทย ได้โพสต์ข้อความในเฟซบุ๊กส่วนตัวในวันนี้ 14 ก.ค. 66 ระบุว่า . “มีผู้ใหญ…,ก้าวไกล อ่อนด้อยฝีมือการเมืองยิ่งนัก แต่สำคัญตัวผิดคิดว่า เก่งเกินใคร ที่แท้เด็กเพิ่งจะโต ชนะเลือกกตั้ง ยังไม่ถือว่า ประสบผลสำเร็จ การแทรกตัวมาเป็นฝ่ายรัฐบาลได้ต่างหาก คือความสำเร็จ ก้าวไกล เป็นรัฐบาล…,เกมการเลือกตั้ง ก้าวไกลสามารถพลิกชนะทักษิณ ได้ ่แต่ไม่สามารถครองอำนาจได้ ทักษิณและสมุนก็อดทนเฝ้ารอ จนกระทั่งสถานการณ์สุกงอม พลิกเกมได้ ก้าวไกลรู้เมื่อสาย หลังจากถูกดีดไปเป็นฝ่ายค้านแล้ว ป.ล. เกมการเมื…,พฤติกรรมพวก ด้อมส้ม ผมมองว่าคล้ายกับพวก red guard ของท่านประธานเหมานะครับ หากไม่ห้ามปรามเสียก่อน,ทำไมก้าวไกลต้องโหวตให้เพื่อไทย 1. เพื่อปิดสวิทซ์สว. ไม่ต้องอาศัยเสียงสว.ในการตั้งรัฐบาล 2. ดับความอหังการ์สว. 3. เล่นการเมืองแนวใหม่ 4. มองอนาคต 5. เห็นแก่ประเทศชาติและส่วนรวม 6. ผูกสัมพันธ์อันดีกับเพ…
7391562,0.904,16,8,8,1.0,0,2,656.0,7054.0,ถ้าเกิดว่าเพื่อไทยเป็นรัฐบาล เขาจะยกเลิกเกณฑ์ทหารไหม | อดีตนักศึกษาคณะรัฐศาสตร์ มหาวิทยาลัยธรรมศาสตร์ กล่าวว่า สมัยนี้กลายเป็น ‘เหยื่อ’ และ ‘หมากเบี้ยขุน’ | ถ้ายังจัดตั้งรัฐบาลไม่ได้ เงินชาวนาสิ้นปีนี้ยังได้เหมือนเดิมมั้ยครับ | พรรคก้าวไกล ติดหนี้ ปชช. 45.9 ล้านบาท เพราะทำสภาล่มถึง 11 ครั้ง เฉพาะพิธานายกว่าว โดดประชุมไป 56 ครั้ง | “วันนอร์” สั่งปิดประชุมสภาหนี หวั่นขัดอำนาจศาล หลัง โรม เสนอญัตติด่วนปมโหวตชื่อ พิธา ซ้ำ,มองการเมืองไทยแล้วหันไปมองบราซิล … การใช้โซเชียลมีเดียในทางการเมืองพิสูจน์ให้เห็นว่า ประชาธิปไตยภายใต้อัลกอริทึม คือประชาธิปไตยที่สามารถทำให้คนเดินดินธรรมดาๆที่ไม่มีใครรู้จักกลายเป็นดาวการเมืองเพียงชั…,อดีตนักศึกษาคณะรัฐศาสตร์ มหาวิทยาลัยธรรมศาสตร์ กล่าวว่า สมัยนี้กลายเป็น ‘เหยื่อ’ และ ‘หมากเบี้ยขุน’ นายนริศโรจน์ เฟื่องระบิล อดีตเอกอัครราชทูตไทย ณ กรุงบัวโนสไอเรส ประเทศอาร์เจนตินา อดีตนักศึกษาคณะรัฐ…,“วันนอร์” สั่งปิดประชุมสภาหนี หวั่นขัดอำนาจศาล หลัง โรม เสนอญัตติด่วนปมโหวตชื่อ พิธา ซ้ำ ประชุมรัฐสภาจบเร็วเกินคาด หลัง “โรม” ชงญัตติด่วน ให้ทบทวนมติ 19 ก.ค.ที่ห้ามเสนอชื่อ “พิธา” เป็นนายกฯ ซ้ำ “วันนอ…,อดีตนักศึกษาคณะรัฐศาสตร์ มหาวิทยาลัยธรรมศาสตร์ กล่าวว่า สมัยนี้กลายเป็น ‘เหยื่อ’ และ ‘หมากเบี้ยขุน’ นายนริศโรจน์ เฟื่องระบิล อดีตเอกอัครราชทูตไทย ณ กรุงบัวโนสไอเรส ประเทศอาร์เจนตินา อดีตนักศึกษาคณะรัฐ…,มองการเมืองไทยแล้วหันไปมองบราซิล … การใช้โซเชียลมีเดียในทางการเมืองพิสูจน์ให้เห็นว่า ประชาธิปไตยภายใต้อัลกอริทึม คือประชาธิปไตยที่สามารถทำให้คนเดินดินธรรมดาๆที่ไม่มีใครรู้จักกลายเป็นดาวการเมืองเพียงชั…
7668886,0.897,26,12,9,0.75,0,3,85.0,8166.0,ข่าวว่า เพื่อไทยทำคุณคนไม่ขึ้น | ถ้า ทักษิณ ไม่กลับไทย วันที่ 10 ส.ค.66 แกนนำ และ สส เพื่อไทย ทุกคน ที่บอกแก่ประชาชน จะรับผิดชอบยังไงที่หลอกลวงชาวโลก | กระผมมีความคิดว่า พวกด้อมส้มคืออดีตพันธมิตร เพราะดื้อดึง ดื้อด้าน ดื้อรั้นพอ ๆ กัน | รับงานมาป่าว | เพื่อไทยต้องไปแก้ไขปัญหาที่ก้าวไกลก่อไว้ที่ ระยอง,ข้อเท็จจริงที่พึงทราบก็คือ ปี 2562 เลือกตั้งครั้งที่แล้ว อภิสิทธิ์ได้มา 52 คน ถือว่าตกต่ำ ได้ต่ำกว่าเป้า เมื่อแพ้แล้วก็แสดงความรับผิดชอบด้วยการลาออก เลือกตั้งใหม่ได้คู่หูจุรินทร์ เฉลิมชัย พากันเข้าร่ว…,ผมไม่ทราบวา จขกท.เล่นพันทิพนานหรือยัง ถ้านานระดับ 10 ปีขึ้นไปคงรู้จักล็อกอิน ศรีขอนแก่น เขาเป็นพวกพันธมิตรตัวยง เขาเคยประกาศก้องทั่วพันทิพ ราชดำเนินว่า ถ้าพลังประชาชนได้ส.ส.ขอนแก่นยกจังหวัด เขาจะย้ายจ…,ในอดีต พวกพันธมิตรได้ประโยชน์จากทักษิณไทยรักไทยพอสมควร จากนโยบายต่างๆ แต่พวกนั้นเป็นคนอกตัญญู ไม่รู้คุณคน เชื่อลมปากศาสดาไล่ทักษิณเสียได้ ปัจจุบัน พวกก้าวไกลก็เช่นเดียวกัน เพื่อไทยอุตส่าห์ยกมือให้ 141…,ผมไม่ทราบวา จขกท.เล่นพันทิพนานหรือยัง ถ้านานระดับ 10 ปีขึ้นไปคงรู้จักล็อกอิน ศรีขอนแก่น เขาเป็นพวกพันธมิตรตัวยง เขาเคยประกาศก้องทั่วพันทิพ ราชดำเนินว่า ถ้าพลังประชาชนได้ส.ส.ขอนแก่นยกจังหวัด เขาจะย้ายจ…,ก้าวไกลยั่วยุให้ยุบพรรค เพื่อคราวหน้าจะได้ 250 เสียง
229559,0.894,144,66,54,0.818,2,5,16.0,6752.0,ข่าวเรื่องตู้แช่ไวน์ในห้องกกต. ใครทราบบ้างครับว่าเรื่องถึงปปช.แล้วจะใช้เวลาพิจารณานานแค่ไหน | ดูไป ลุ้นไป เหมือนในหนังเลย | ถ้าประชาชนอยากให้ พิธาเป็นนายก ต้องช่วยกันกดดัน ก้าวไกลให้ถอย ม.112 | เพราะเป็นกันแบบนี้ไง ตีความเพื่อเข้าข้างพวกเดียวกัน แต่ทำลายฝั่งตรงข้าม | ส ว วันชัยวันนี้โหวตไม่เห็นด้วยใช่ไหมครับ,ทำไมก้าวไกลไม่ควรโหวตให้เพื่อไทย คนแก่บางคนก็ทำตัวไม่น่าเคารพ ไม่ใช่อายุเยอะอาวุโสกว่าแล้วต้องเคารพเสมอไป ตอนแรกคอยขับไสไล่ส่ง ฉีกหน้ากลางเวทีก็ทำมาแล้ว บอกให้เสียสละลงจากเรือ นี่จะให้เสียสละ ต้องทดแท…,ไม่เกี่ยวกับคนสอบได้ที่ 1 หรือที่เท่าไหร่เป็นหัวหน้าห้อง ถ้านักเรียนในห้องเสนอชื่อมาคนเดียว ไม่มีใครแข่ง ก็ได้เป็นเลย ถ้าเสนอหลายคน ก็โหวต ใครได้เสียงมากสุดก็ได้เป็น ทีนี้หากมีการตั้งกติกาว่าจะเป็นได้…,ดูไป ลุ้นไป เหมือนในหนังเลย ฝ่ายหนึ่งต้องหาวิธีแก้หมากกลที่วางไว้เพื่อสืบทอดอำนาจอย่างชัดเจน ตั้งแต่คำถามพ่วงแล้วว่า เพื่อความต่อเนื่องทางยุทธศาสตร์ ในระหว่าง 5 ปีแรก ให้ที่ประชุมร่วมกันของรัฐสภา เห็น…,ทำไมถึงกลัวก้าวไกลกัน ทำไมไม่อยากร่วมรัฐบาลกับก้าวไกล เพราะเค้กที่เคยแบ่งกัน แล้วแต่ว่าใครจะรวมเสียงข้างมากได้ ผู้นำได้มากหน่อยที่เหลือลดหลั่นกันไป ประชาชนเอาที่ติดกระดาษรองเค้กไป แต่ก้าวไกลจะนำเค้กแบ…,บทเรียนอันล้ำค่า สัหรับก้าวไกล และคนรุ่นใหม่ อย่าหลงระเริงกับชัยชนะที่ได้มา หากไม่มีพลังอำนาจจากอะไร น่าจะรู้ ดีที่ครั้งนี้ไม่เสียเลือดเนื้อ เพราะเป็นการแย่งชิงอำนาจตามระบบ และยังไม่ได้ครองอำนาจ ลองศึ…
4774359,0.893,20,18,12,0.667,1,1,145.0,4094.0,ทำไม คุณทักษิณ ถึงไม่ซื้อบ้านอยู่ที่ต่างประเทศ แบบถาวรไปเลยครับ | ประชาธิปัตย์ ตรรกะวิบัติ | ก่อนเลือกตั้งไล่หนูตีงูเห่า หลังเลือกตั้ง | คุณวิโรจน์ครับ อย่ามัวคร่ำครวญ เรียกหา ชักชวน พรรคเพื่อไทยเลยครับ เพราะ | ไม่ชอบพวกโกงกินบ้านเมืองอย่างหน้าด้านครับ,1 ทุกคะแนนที่ทำให้ พท มีคะแนนมาเป้นพรรคอันดับ2 ก้เพราะ ก่อนเลือกตั้ง คุณพูดอะไรใว้บ้างละครับ ถ้าจะกลับมา เพราะ สำนึก ในคำพูดที่พ่นใว้ เพื่อ สปิริต ไม่ก้ไม่ผิดนี่ครับ😁😁 2 ผมมองว่า ก้าวไกล พยายาม สนองตั…,ก้น่าเห้นใจ พท นะครับ โดนบีบซะจน ต้องหาคำพูดแก้ต่างจนตัวเอง ดูแหล ก้ต้องยอม เพื่อเป้นรัฐบาลให้จงใด้ แต่ลึกๆแล้ว รู้ทั้งรู้แหละ คะแนนเสียงที่พรรคตัวเองใด้มา ความต้องการที่แท้จริง ของ ปชช ทีเลือก เค้าคิ…,ใด้ครับ คงต้อง เพิ่มลิ้น กัน อีกรอบ ถ้ามีพรรคลุง หรือ งูเห่าพรรคลุงเลื้อย เข้ามาร่วมวง ครับ ลิ้นแรก ที่ใช้ไปแล้ว คือ เป้นการ รณรงค์ เพื่อคะแนน ลิ้นที่2 เก๊า ไม่ใด้ ข้ามไป นะ เค้า ข้ามมากันเอง อาจมีลิ้…,ที่ตัวเองสนับสนุนฉีก รธณ จนใด้ผู้นำที่ ชื่นชอบในการ ไม่ถูกตรวจมาบริหารประเทศ ไม่พูดถึงบ้างเลยนะอิเจ้ 😁😁😁,ที่พรรค ตกตำ่ทุกวันนี้ ก้เพราะ ไม่มองข้อเสียตัวเองนั่นแหละครับ แทนที่จะปรับปรุงข้อเสีย ให้มันดี กับโทษ แต่คนอื่น แล้วมันจะยกระดับให้สูงใด้ยังงั้ย ดูอย่าง ลุง เป้นต้น อวยจนหาข้อเสียของตัวเองไม่ใด้ เอะอ…
7414643,0.893,5,4,3,0.75,0,0,1029.0,27135.0,เพื่อไทย เวทีไหนๆ ก็บอกไม่เอากัญชาเสรี | ครอบครัวรัตนพันธ์ ฝากถึง น.ส.แพทองธาร ชินวัตร หัวหน้าครอบครัวเพื่อไทย และในฐานะผู้ถือหุ้นอันดับ 1 ของบริษัท SC Asset | นายกฯ พล.อ.ประยุทธ์ จันทร์โอชา ร่วมประชาสัมพันธ์กิจกรรมแคมเปญ “Gen Z มีดีให้อวด” | ฮิตไม่หยุด 7 เดือนแรกปี 66 ต่างชาติเที่ยวไทยกว่า 15 ล้านคน สร้างรายได้กว่า 1 ล้านล้านบาท,ฮิตไม่หยุด 7 เดือนแรกปี 66 ต่างชาติเที่ยวไทยกว่า 15 ล้านคน สร้างรายได้กว่า 1 ล้านล้านบาท กระทรวงการท่องเที่ยวและกีฬา เผยข้อมูลการท่องเที่ยวไทยที่ขณะนี้เป็นภาคเศรษฐกิจที่ขยายตัวได้ต่อเนื่อง เป็นแรงสนับ…,คำแถลงของหัวหน้าครอบครัว รัตนพันธ์ ในการเรียกร้องความเป็นธรรมผ่านสื่อมวลชน ย้ำชัดเจนพร้อมแสดงหลักฐาน เพื่อพิสูจน์ข้อเท็จจริงเรื่องการซื้อขายที่ดินกับ บริษัท sc asset แต่ถูกกระทำให้กลายเป็นผู้เดือดร้อน…,นายกฯ พล.อ.ประยุทธ์ จันทร์โอชา ร่วมประชาสัมพันธ์กิจกรรมแคมเปญ “gen z มีดีให้อวด” รณรงค์ส่งเสริมการใช้ผ้าไทยและงานศิลปหัตถกรรมไทย เชิญชวนเยาวชนคนรุ่นใหม่ สวมใส่ผ้าไทยเพื่อแสดงพลังแห่ง soft power,เพื่อไทย เวทีไหนๆ ก็โกหก,นายกฯ พล.อ.ประยุทธ์ จันทร์โอชา ร่วมประชาสัมพันธ์กิจกรรมแคมเปญ “gen z มีดีให้อวด” รณรงค์ส่งเสริมการใช้ผ้าไทยและงานศิลปหัตถกรรมไทย เชิญชวนเยาวชนคนรุ่นใหม่ สวมใส่ผ้าไทยเพื่อแสดงพลังแห่ง soft power
3246910,0.891,68,48,40,0.833,5,5,23.0,4971.5,ถ้าแพทองธาร ชินวัตร เป็นนายกฯ ถือว่าระบอบทักษิณกลับมาอีกแล้วใช่มั๊ย | แค่ถอย เรื่อง 112 ประเทศเดินหน้า ก้าวไกล ก็ไม่ยอม แบบนี้เรียกว่า ทำเพื่อประชาชน | แม่ผมเลือกก้าวไกลเพราะเงินผู้ชรา 3000 ถามแม่ว่าเลือกตั้งใหม่จะเลือกก้าวไกลไหมแม่บอกไม่เลือกแล้วพรรคนี้มันบ้าเรื่องสถาบัน | ดูเหมือนมันสมองห้องแอร์ของเพื่อไทยกำลังเล่นการเมืองแบบสั่งลา | ทำไมผมรู้สึกถึงความเจริญของชาติกำลังจะมา,ในฐานะ สนับสนุน ไทยรักไทย มาแต่ต้น และรอบนี้ กาเพื่อไทย 1 กาก้าวไกล 1 เสียง ขอเป็นเสียงเบา ๆ ส่งไปถึงแกนนำ ผมคิดว่า มีเสียงสนับสนุน คนละครึ่งแนวทางแบบผม ไม่น่าจะน้อย ที่กาทั้ง 2 พรรค และเมื่อออกจาหคูห…,ตอนนี้ สิ่งที่เพื่อไทยทำ ก็ไม่ได้น่าเกลียดอะไรครับ การที่ไป คุยกับ ซากเผล็จการ รึ เสี่ยหนู รึทางพรรคบรรหาร รึ แม้แต่ คุณ สุวัจน์ นั้น เค้าก็ทำตาม จ้อตกลง mou 8 พรรคร่วม ที่กำหนดมา 123 ตามตกลง ทุกอย่าง…,ภูมิใจไทย ทำไรบ้าบอไว้เยอะมาก ๆ ในเมกกะโปรเจค ในยุคลุงตู่ หากไม่ได้ร่วมรัฐบาล สาหัสแน่ และภูมิใจไหย เปิดช่องไว้อ้าซ่าเลย ว่า ขอแค่ไม่ยุ่ง 112 ก็พร้อมมาร่วม 8 พรรค ก้าวไกลเอง มาถึงตอนนี้ หมากรัดคอมาก ห…,พี่ชาย กระแสมันไปไกล กู่ไม่กลับแล้ว แค่ผลเลือกตั้งคราวนี้ ได้น้อยกว่า ส้ม มันก็บอกอนาคตทุกอย่างแล้ว การกาบัตรคราต่อไป อย่าได้ไปหวัง แม้แต่ผมเอง เสยงเล็ก ๆ 1 เสียง ก็ไม่เอาแล้ว หากไม่เคารพ มติประชาชน ไ…,4 ปีข้างหน้า ประชาชนจะให้บทเรียนพวกเค้าเอง
6767916,0.886,27,15,14,0.933,0,3,166.0,8914.0,พรรคก้าวไกล เรื่อง สส ทำร้ายผู้หญิง เรื่องถึงไหนแล้วครับ | ไม่รอด จำคุก 3 นิ้ว 6 ปี ไม่รออาญา เผาป้อมตำรวจดินแดง พร้อมต้องจ่ายชดใช้ | มีโอกาสที่สภาจะเลื่อน การโหวตนายกไหมครับ | ผลตัดสินคดีม.112ของหลานธนาธรออกมาแล้วนะคนับ | แก้รัฐธรรมนูญ ม.272 มันทำได้ง่ายม้ยครับ,‘พิธา’ ลั่นชิงเก้าอี้นายกฯรอบ 2 หากคะแนนไม่พอพร้อมถอยให้พรรคอันดับ 2 เมื่อวันที่ 17 ก.ค. ที่อาคารไทยซัมมิท แกนนำพรรคก้าวไกล และพรรคเพื่อไทย นัดหารือ 2 พรรค ก่อนการหารือ 8 พรรคร่วมจัดตั้งรัฐบาล ที่จะมี…,ไม่รอด จำคุก 3 นิ้ว 6 ปี ไม่รออาญา เผาป้อมตำรวจดินแดง พร้อมต้องจ่ายชดใช้ เมื่อวันที่ 11 ก.ค. 66 ศูนย์ทนายความเพื่อสิทธิมนุษยชน รายงานว่า ศาลอาญาได้นัดฟังคำพิพากษาคดีของ “นายประวิตร” อายุ 20 ปี พนักงาน…,เปิดใจ ในฐานะ สลิ่ม คนนึง เกี่ยวกับ การเมืองปัจจุบัน 1 ผมเคารพเสียงประชาชนที่เลือกตั้งมา และยอมรับ ถ้าเพื่อไทยกับก้าวไกล จับมือตั้ง รัฐบาล 2 สว ไม่ได้ขวาง พิธา หรือ ก้าวไกล ไปดู อภิปรายที่เสนอพิธา เป็…,ตั้งแต่โดนคดี น้องอั่งอั๊งก็ไม่กระทำผิดอีก เงียบไม่โพสต์ใดๆ แถมขึ้นศาลก็สารภาพผิด ศาลก็เมตตาครับ ส่วนเยาวชน ที่ทำผิดซ้ำๆ พึ่งรู้ไว้ ว่าใคร สอนให้ทำ คือ คนไม่หวังดีครับ,เปิดใจ ในฐานะ สลิ่ม คนนึง เกี่ยวกับ การเมืองปัจจุบัน 1 ผมเคารพเสียงประชาชนที่เลือกตั้งมา และยอมรับ ถ้าเพื่อไทยกับก้าวไกล จับมือตั้ง รัฐบาล 2 สว ไม่ได้ขวาง พิธา หรือ ก้าวไกล ไปดู อภิปรายที่เสนอพิธา เป็…
6338,0.878,33,11,8,0.727,0,1,45.0,3939.5,กทม.เขาไม่รู้เหรอ ว่าช่วงดึงสลิง อันตรายที่สุด ถึงปล่อยให้รถสัญจรปกติ | ลุงช่าง ฝากถึงผู้ว่า กรณีสะพานถล่ม | นิด้าโพล ชี้คนไทยกว่าล้านพร้อมลงถนน | ก้าวต่อไปก้าวไกลกัดฟันเชิญภูมิใจไทยเข้าร่วมรัฐบาลดีไหมครับ | แก้รัฐธรรมนูญ ม.272 มันทำได้ง่ายม้ยครับ,มองกว้างๆ ลึกๆ อย่าตีความตรงตัวอักษร กลัวจริงๆว่าคุณจะเอาแต่มองหาคำว่า เศรษฐกิจ พอไม่เจอก็ท้วง อ้าว ไม่เกี่ยวกับเศรษฐกิจนี่หว่า ต้องเข้าใจก่อนว่าประเทศไทยเป็นประเทศที่เศรษฐกิจจะฟื้น ไม่ฟื้น อุตสาหกรรม…,ขอถามว่าเวลาคุณซ่อมบ้าน คุณจ้างผู้รับเหมามาซ่อมให้ตามปกติ หากเกิดเหตุโครงสร้างถล่มระหว่างก่อสร้าง คุณจะด่าตัวเองที่เป็นเจ้าของบ้านหรือด่าผู้รับเหมา โครงการก่อสร้างในกทม.หลายๆจุดกทม.ไม่ได้เป็นคนก่อสร้า…,ก้าวต่อไปก้าวไกลกัดฟันเชิญภูมิใจไทยเข้าร่วมรัฐบาลดีไหมครับ จากคะแนนโหวตที่ดูห่างไกลความจริงเยอะ ผมว่าก้าวไกลกัดฟันเชิญภูมิใจไทยเข้าร่วมรัฐบาลเลยดีกว่าฝืนไปต่อแบบนี้ ยิ่งโหวตซ้ำๆแล้วไม่ได้ ยิ่งไม่เข้าท…,ก้าวต่อไปก้าวไกลกัดฟันเชิญภูมิใจไทยเข้าร่วมรัฐบาลดีไหมครับ จากคะแนนโหวตที่ดูห่างไกลความจริงเยอะ ผมว่าก้าวไกลกัดฟันเชิญภูมิใจไทยเข้าร่วมรัฐบาลเลยดีกว่าฝืนไปต่อแบบนี้ ยิ่งโหวตซ้ำๆแล้วไม่ได้ ยิ่งไม่เข้าท…,ผมขอลงชื่อตัดเพื่อไทยด้วยคนครับ ถ้าเป็นแบบที่คุณบอกจริงๆ คนเสื้อแดงนัดชุมนุมเปลี่ยนสีเสื้อเมื่อไหร่บอก
7397115,0.875,5,4,4,1.0,0,0,1151.0,6495.0,อิ๊งค์ประกาศแล้ว ทักษิณ กลับไทย นายวิษณุ เครืองาม รองนายกรัฐมนตรี บอกว่าจะต้องเข้าคุกสถานเดียว | ข้อมูลจริง | ล่าสุด วิโรจน์ ร่วมกับ สส ก้าวไกล ที่เป็นเสื้อแดงในพรรค เตรียมจัดหนัก อธิปรายไม่ไว้วางใจ รบ.เพื่อไทย เต็มที่ | “พิธา” พูดบิดเบือนการเมือง ปล่อยครอบงำนักศึกษาใหม่ อาจารย์มธ.ต้องปกป้องมหาวิทยาลัย ลั่นอยากรู้ใครเชิญ,อิ๊งค์ประกาศแล้ว ทักษิณ กลับไทย นายวิษณุ เครืองาม รองนายกรัฐมนตรี บอกว่าจะต้องเข้าคุกสถานเดียว ข่าว ทักษิณ โพสต์ตัดสินใจกลับไทยเลี้ยงหลาน นายวิษณุ เครืองาม รองนายกรัฐมนตรี บอกว่า การที่นายทักษิณจะกลับ…,“พิธา” พูดบิดเบือนการเมือง ปล่อยครอบงำนักศึกษาใหม่ อาจารย์มธ.ต้องปกป้องมหาวิทยาลัย ลั่นอยากรู้ใครเชิญ “ดร.เสรี” เสียใจสุด วอนเหล่าศิษย์ อาจารย์มธ. ถึงเวลาต้องปกป้องมหาวิทยาลัย ลั่นอยากรู้ใครเชิญ “พิธา…,ข้อมูลจริง สมัยที่แล้ว สส พิธา เข้าประชุมสภาแค่ 213 วัน น้อยที่สุดติดอันดับ 9 ทั้งที่ไม่มีหน้าที่รัฐมนตรีควบเหมือนอีก สส หลายคน พิธาอ้างติดภารกิจครอบครัว,ข้อมูลจริง สมัยที่แล้ว สส พิธา เข้าประชุมสภาแค่ 213 วัน น้อยที่สุดติดอันดับ 9 ทั้งที่ไม่มีหน้าที่รัฐมนตรีควบเหมือนอีก สส หลายคน พิธาอ้างติดภารกิจครอบครัว,“พิธา” พูดบิดเบือนการเมือง ปล่อยครอบงำนักศึกษาใหม่ อาจารย์มธ.ต้องปกป้องมหาวิทยาลัย ลั่นอยากรู้ใครเชิญ “ดร.เสรี” เสียใจสุด วอนเหล่าศิษย์ อาจารย์มธ. ถึงเวลาต้องปกป้องมหาวิทยาลัย ลั่นอยากรู้ใครเชิญ “พิธา…
7423016,0.863,2,1,0,0.0,0,0,,,“อนุทิน” ขอส.ส.ปรบมือชื่นชม “ชาดา” หลังอภิปรายปกป้องสถาบันฯ ย้ำภท.ไม่ร่วมรัฐบาลจับมือพรรคแก้ 112,“อนุทิน” ขอส.ส.ปรบมือชื่นชม “ชาดา” หลังอภิปรายปกป้องสถาบันฯ ย้ำภท.ไม่ร่วมรัฐบาลจับมือพรรคแก้ 112 อ่าน,เพี้ยนดีออก,,“อนุทิน” ขอส.ส.ปรบมือชื่นชม “ชาดา” หลังอภิปรายปกป้องสถาบันฯ ย้ำภท.ไม่ร่วมรัฐบาลจับมือพรรคแก้ 112 อ่าน,เพี้ยนดีออก
7372138,0.86,126,84,66,0.786,0,3,7.0,9807.0,เปลี่ยนแบบก่อสร้างสะพานลาดกระบัง คนเซ็นไม่มีความผิด แล้วเรือดำน้ำเปลี่ยนเป็นเครื่องจีน คนเซ็นผิดไหมครับติ่งส้ม | ลุงช่าง ฝากถึงผู้ว่า กรณีสะพานถล่ม | กทม.เขาไม่รู้เหรอ ว่าช่วงดึงสลิง อันตรายที่สุด ถึงปล่อยให้รถสัญจรปกติ | ช่อ ใกล้กาว กับไอซ์ บางบอน ถ้าให้เลือกมาเป็นเพื่อนสนิท คุณจะเลือกใครครับ | นิด้าโพล ชี้คนไทยกว่าล้านพร้อมลงถนน,ก่อนจะหาสาเหตุ เอาเรื่องง่ายๆก่อน ถ้าให้ผู้รับเหมาแก้แบบ แล้วค่าใช้จ่ายสูงกว่า คิดเหรอว่าผู้รับเหมาจะทำให้ในราคาเดิม ตามข่าวที่ออกมาแรกๆคือ หล่อที่อื่นแล้วเอามาประกอบหน้างาน เร็วกว่า ถูกกว่า ถามหน่อย …,ผลงานเยอะไปหมด อย่างน้อยคนไทยแดงเหลืองก็เลิกฆ่ากันเอง ซาอุกลับมาคืนดี ผ่านโควิดได้ดี แต่โดนพวกชังชาติด้อยค่า ไม่ให้ราคา อ้อ ก้าวไถลที่ดมส้วมที่เลือกมา วิสัยทัศโคตรห่วย เดี๋ยวนี้ใครเขารบกัน เป็นรัฐบาลจ…,ก้าวไถลเอาไงดี ยุบหนีพรรค 2 ลุงเลยดีไหม เคยหาเสียงว่ามีเรา ไม่มีลุง 99 ตอนนี้ 2 ลุงอยู่ฝั่งเดียวกับกเาวไถลแน่นอน ท่านกุนซือจะใช้แผนอะไรดี ยุบพรรคหนี 2 ลุงดีไหมครับ อย่ามาอ้างแบบเผาไทยนะว่า เป็นเทคนิคใ…,ตบตีเมียเป็นของหวาน พูดกลับกลอกเป็นอาหารหลัก ระยองทั้งพรรค ว่างั้น,กุนซือก้าวไถลวางหมากให้ตัวเองไปเป็นฝ่ายค้านตั้งแต่แรกหรือเปล่าครับ เป็นฝ่ายค้านนี่ ไม่ต้องแบ่งผลประโยชน์กับใคร รับพรรคเดียวเน้นๆ ท่านขงเบ้งแผนการล้ำลึกจนข้าน้อยคิดตามไม่ทันจริงๆ
3418910,0.852,23,7,7,1.0,3,1,137.0,4548.5,สุดยอดไอเดีย ก้าวไกลควรนำไปใช้ในการประชุม 26 ก.ค.นี้ | จากรายการโหนกระแสวันนี้มันเป็นไปได้หรือครับ | แปลกใจครับ ญาติผมที่ต่างจังหวัดหลายคนเปลี่ยนใจไปเลือกก้าวไกลด้วยเหตุผลง่ายๆตามแบบฉบับชาวบ้าน | เมื่อยึดวาระส่วนตัวเป็นหลัก พรรคก็เสื่อม คนก็เสีย | งงกับกองเชียร์เพื่อไทย,คห.3 ประเทศเราปกครองแบบ ปชต ภายใต้การกำกับ เพื่อไทยเคยมี 375 เสียง 265 เสียง ยังโดน แล้ว 141 จะไปทำไรได้ ที่สำคัญ เมื่อมีการสมยอมกัน ก็ต้องเดินภายใต้การกำกับ หวังอะไรได้ คห.8 เรื่อง 112 นี่ มันแค่การห…,เมื่อยึดวาระส่วนตัวเป็นหลัก พรรคก็เสื่อม คนก็เสีย เกือบยี่สิบปีที่สูญเปล่า ตายฟรีจริง เจ็บฟรีจริง ติดคุก ลี้ภัย โดนข้อหา ขีวิตพังทลาย ยอมทำในสิ่งที่ไม่ควรทำ ฉุดลากบ้านเมืองย้อนไปจมการเมืองน้ำเน่า ทำลา…,คห.16 คห.17 ก้าวไกลไปบังคับมัดจับอะไรเพื่อไทยไว้เหรอ อยากตั้งรัฐบาลก็ตั้งไปสิ ไม่อยากมีก้าวไกลร่วมก็ประกาศสิว่าจะไปร่วมกับขั้วรัฐบาลเดิม จะมาโทษทำไมว่าก้าวไกลไม่ยอมไปเป็นฝ่ายค้าน เพื่อไทยไม่ใช่เด็กที่…,งงกับกองเชียร์เพื่อไทย ด่า ครม. ประยุทธ์มาสี่ปี สารพัดด่า มาตอนนี้ รับได้ถ้าพวกที่เคยด่ามาเป็นรัฐมนตรีซะงั้น เพียงเพราะอยากให้เพื่อไทยเหนือก้าวไกล ยินดีเกลือกกลั้วข้ามขั้วร่วมนั่งร้านเผด็จการ กองเชียร…,เมื่อยึดวาระส่วนตัวเป็นหลัก พรรคก็เสื่อม คนก็เสีย เกือบยี่สิบปีที่สูญเปล่า ตายฟรีจริง เจ็บฟรีจริง ติดคุก ลี้ภัย โดนข้อหา ขีวิตพังทลาย ยอมทำในสิ่งที่ไม่ควรทำ ฉุดลากบ้านเมืองย้อนไปจมการเมืองน้ำเน่า ทำลา…
6966312,0.848,4,2,1,0.5,0,2,304.0,4652.0,พล.อ.ประยุทธ์ จันทร์โอชา เป็นนายกฯที่มีทรัพย์สินโปร่งใสที่สุด | ยุบพรรค เรื่องราวทุกอย่างเป็นไปตามกฎหมาย ไม่มีอะไรตุกติก ไม่มีมือที่มองไม่เห็น ไม่มีใครอยู่เหนือรัฐธรรมนูญ,พล.อ.ประยุทธ์ จันทร์โอชา เป็นนายกฯที่มีทรัพย์สินโปร่งใสที่สุด พล.อ.ประยุทธ์ จันทร์โอชา มีทรัพย์สิน 102317152.64 บาท ได้แก่เงินฝาก 6 บัญชี มูลค่า 58967022 บาทเงินลงทุน 9 แห่ง 23072380 บาทที่ดิน 2 แปลง …,ยุบพรรค เรื่องราวทุกอย่างเป็นไปตามกฎหมาย ไม่มีอะไรตุกติก ไม่มีมือที่มองไม่เห็น ไม่มีใครอยู่เหนือรัฐธรรมนูญ เรื่องราวทุกอย่างเป็นไปตามกฎหมาย ไม่มีอะไรตุกติก ไม่มีมือที่มองไม่เห็น ไม่มีใครอยู่เหนือรัฐธร…,แต่สื่อ นักการเมือง นักเคลื่อนไหวทางการเมือง และอาจารย์นักวิชาการ เอาไปพูดบิดเบือนจนประชาชนเข้าใจผิด และออกมาโจมตี,พล.อ.ประยุทธ์ จันทร์โอชา เป็นนายกฯที่มีทรัพย์สินโปร่งใสที่สุด พล.อ.ประยุทธ์ จันทร์โอชา มีทรัพย์สิน 102317152.64 บาท ได้แก่เงินฝาก 6 บัญชี มูลค่า 58967022 บาทเงินลงทุน 9 แห่ง 23072380 บาทที่ดิน 2 แปลง …,แต่สื่อ นักการเมือง นักเคลื่อนไหวทางการเมือง และอาจารย์นักวิชาการ เอาไปพูดบิดเบือนจนประชาชนเข้าใจผิด และออกมาโจมตี
2909881,0.847,65,16,11,0.688,1,4,9.0,3365.5,พรรคเพื่อไทย หากินกับคำว่า ประชาธิปไตยมาตลอด แต่แท้จริงคือธุรกิจการเมือง หาได้มีอุดมการณ์จริงไม่ ทำไมคนยังดูไม่ออกกันนะ | จาตุรนต์ด้อมส้มครับ ลุงตู่วางมือแล้ว เก็บของออกจากทำเนียบแล้ว แต่วิโรจน์ก้าวไกลให้อยู่ต่ออีก 5 เดือนครับ | พรรคเพื่อไทย หากินกับคำว่าประชาธิปไตยมาตลอด แต่แท้จริงคือธุรกิจการเมือง หาได้มีอุดมการณ์จริงไม่ วันนี้คนเริ่มตาสว่างแล้ว | ที่คุณหมอพรทิพย์โพสต์ ขอพรเทพเทวดาให้ผ่านพ้นช่วงอมนุษย์ เค้าสื่อถึงใครครับ | ครอบครัวรัตนพันธ์ ฝากถึง น.ส.แพทองธาร ชินวัตร หัวหน้าครอบครัวเพื่อไทย และในฐานะผู้ถือหุ้นอันดับ 1 ของบริษัท SC Asset,บางพรรคหลอกหาเสียงกับประชาชน ถึงเวลาพร้อมแก้ผ้าผสมพันธ์กลางตลาดกับเผ็ดจการ อย่ามาอ้างประชาธิปไตย ประเทศไหน ประชาชนคิดสั้นยอมให้นักการเมืองหน้าด้านไร้สัจจะได้อำนาจรัฐไปบ่อยๆ ประเทศนั้นการเมืองเลว ประชา…,ประชาชนเลือก ฝ่ายประชาธิปไตย 2728 ล้าน ฝ่ายอนุรักษ์นิยม มี 78ล้าน ∎ ก้าวไกล 39 ที่นั่ง 14438851 คะแนน ∎ เพื่อไทย 29 ที่นั่ง 10962522 คะแนน ∎ รวมไทยสร้างชาติ 13 ที่นั่ง 4766408 คะแนน ∎ ภูมิใจไทย 3 ที่น…,ประเทศไหน ประชาชนคิดสั้นยอมให้นักการเมืองหน้าด้านไร้สัจจะได้อำนาจรัฐไปบ่อยๆ ประเทศนั้นการเมืองเลว ประชาชนส่วนใหญ่จะได้แค่เศษเนื้อ ถึงเศรษฐกิจโต แต่อำนาจและผลประโยชน์จะแบ่งกันในกลุ่มคนหน้าด้านไร้สัจจะ …,พรรคเพื่อไทย หากินกับคำว่า ประชาธิปไตยมาตลอด แต่แท้จริงคือธุรกิจการเมือง หาได้มีอุดมการณ์จริงไม่ ทำไมคนยังดูไม่ออกกันนะ เอาคำว่า ประชาธิปไตย มาหลอกหากินกับพวก เสื้อแดง มาเป็นสิบๆปีได้ พร้อมจะผสมพันธ์ุ…,ประเทศไหน ประชาชนคิดสั้นยอมให้นักการเมืองหน้าด้านไร้สัจจะได้อำนาจรัฐไปบ่อยๆ ประเทศนั้นการเมืองเลว ประชาชนส่วนใหญ่จะได้แค่เศษเนื้อ ถึงเศรษฐกิจโต แต่อำนาจและผลประโยชน์จะแบ่งกันในกลุ่มคนหน้าด้านไร้สัจจะ …
7426212,0.846,2,1,1,1.0,0,0,17630.0,17650.5,ศาลรัฐธรรมนูญเลื่อนชี้ขาดรับคำร้องผู้ตรวจการแผ่นดิน,ศาลรัฐธรรมนูญเลื่อนชี้ขาดรับคำร้องผู้ตรวจการแผ่นดิน ศาลรัฐธรรมนูญเลื่อนชี้ขาดรับคำร้องผู้ตรวจการแผ่นดิน กรณีการเสนอชื่อนายพิธา ลิ้มเจริญรัตน์ เป็นนายกรัฐมนตรีรอบสองเป็นญัตติทั่วไป ห้ามเสนอญัตติซ้ำอีกต…,ลางร้าย,,ศาลรัฐธรรมนูญเลื่อนชี้ขาดรับคำร้องผู้ตรวจการแผ่นดิน ศาลรัฐธรรมนูญเลื่อนชี้ขาดรับคำร้องผู้ตรวจการแผ่นดิน กรณีการเสนอชื่อนายพิธา ลิ้มเจริญรัตน์ เป็นนายกรัฐมนตรีรอบสองเป็นญัตติทั่วไป ห้ามเสนอญัตติซ้ำอีกต…,ลางร้าย
4844736,0.839,41,18,13,0.722,0,2,14.0,2417.0,ก้าวไกล คุณทำร้ายตัวเอง รู้มั๊ย | ลุงไปแทนก็ได้ครับ | เสนอชื่ออีกรอบ ได้ แต่จะไม่มีคนเลือกและจะได้คะแนนน้อยกว่าเดิม และสุ่มเสี่ยงต่อการทำผิดกฎหมาย | เศรษฐา เหนือกว่า ประยุทธ์ 2 | อยากให้ก้าวไกล สร้างมิติใหม่ จับพรรคร่วมฝ่ายค้านเซ็น MOU ด้วยกัน,ก่อนเลือกตั้ง ก้าวไกลหวังไว้แค่ 70 เสียงก็หรูแล้ว และคิดจะเกาะเพื่อไทยเป็นรัฐบาลด้วยกัน ถือโอกาสศึกษา เรียนรู้ ดูงานจากพรรคเพื่อไทยผู้ซึ่งเป็นสถาบันการเมืองรุ่นพี่ แต่พอเลือกตั้งเสร็จ ได้เสียงข้างมากเ…,การโหวตเมื่อวันที่ 13 ก.ค.ก็เป็นการพิสูจน์ว่า รัฐสภาสว.ส.ส.ไม่เอาพิธาก้าวไกล เหตุผลใดที่ประธานรัฐสภา วันนอร์จะบรรจุชื่อพิธาให้รัฐสภาโหวตอีกรอบ เพราะผลโหวตก็คงไม่ต่างจากเดิม หากชื่อพิธาคนเดิม แต่สิ่งที…,หลังชนะการเลือกตั้งไม่ถึง 1 วัน ส.ส.ก้าวไกลก็ทำการแบ่งเก้าอี้รัฐมนตรีกันแล้ว หนึ่งในนั้นก็มี ศิริกัญญา ฮา โดยมีพิธาและธนาธรการันตีความสามารถ ฮารอบสอง หนึ่งในสาเหตุที่พิธาไม่ได้รับการโหวตจากส.ว.หัวโบรา…,ก้าวไกล คุณทำร้ายตัวเอง รู้มั๊ย,ก่อนเลือกตั้ง ก้าวไกลหวังไว้แค่ 70 เสียงก็หรูแล้ว และคิดจะเกาะเพื่อไทยเป็นรัฐบาลด้วยกัน ถือโอกาสศึกษา เรียนรู้ ดูงานจากพรรคเพื่อไทยผู้ซึ่งเป็นสถาบันการเมืองรุ่นพี่ แต่พอเลือกตั้งเสร็จ ได้เสียงข้างมากเ…
7158904,0.831,77,39,34,0.872,8,1,12.0,3680.0,การอ้าง 14 ล้านเสียง ว่าคือ ฉันทามติ ให้ส้ม แก้ ม.112 คือ การดูถูกเสียงประชาชน | @@@ เวลาไหว้ ไม่ละอายใจ@@@ | @@@ จำคุกธาริต จิ้งจกเปลี่ยนสี @@@ | นิด้าโพล ชี้คนไทยกว่าล้านพร้อมลงถนน | ยินดีกับสลิ่ม พวกคุณได้ทำลายระบบสภาสมใจละ,ขายตัว แก้ ผ้า ทางตัน ใครตัวปัญหา ออกอาการกลืนไม่เข้าคายไม่ออกกันทั่ว จะฝ่ายไหนจับกับฝ่ายไหน ล้วนแต่ เจ็บตัว กันหมด ตั้งแต่ 49 เพื่ออะไร ตลกตรงที่มีพวกมาบอกว่า ไม่ดีเหรอ จะได้สามัคคีกัน นั่นปะไร เวลาน…,ผมเชื่อว่า กก. เทไปเป็นฝ่ายค้านแน่นอน ภาระทั้งหมดจะตกอยู่กับ พท. เพราะกติกาของฝ่ายนั้น แม้แต่ร่วมรัฐบาลยังไม่ได้ หากมองในแง่ กก. ก็สุดทางแล้วนะครับ แผนของฝ่ายนั้นเดินไปอีกขั้น แบบไม่มีทางสู้หรอกครับ ก…,ยินดีกับสลิ่ม พวกคุณได้ทำลายระบบสภาสมใจละ อดีต จากสภาผัวเมีย จนถึง ผดก. รัฐสภา ขณะนี้ชัดซะยิ่งกว่า 4k ไปละ ไม่ใช่เรื่องจะโหวตอะไรหรอก แต่เป็นเรื่องการผูกขาดอำนาจที่ชัดเจน วิธีการที่ปรบมือกันเกรียวกราว…,พลิกขั้ว พท. พังทันที ระบบก็พังด้วย สว. มันต่ออำนาจไปได้เรื่อยๆ ต้องแก้ให้ตรงจุด,ดีใจไปใย เสียใจไปใย ประชาชนได้เห็นชัดแล้ว ผลที่จะเกิดวันข้างหน้าจะรุนแรงมากขึ้น อย่าไปติดว่าม็อบ แต่ คนที่เขารู้สึกถึงความเอาเปรียบนี่แหละ จะมีผลต่อไป ถึงจะโห่ร้อง แต่คนเห็นต่างจะมีมากขึ้น เราเตือนคุณ…
6946891,0.825,2,1,1,1.0,0,0,1464.0,2741.0,เศรษฐา พลิกลิ้น ไม่แก้แล้ว112 เจอขุดคลิปแฉยับ,เศรษฐา พลิกลิ้น ไม่แก้แล้ว112 เจอขุดคลิปแฉยับ ขุดคลิปแฉ ตอกย้ำ เศรษฐาอุ๊งอิ๊งชลน่าน เคยพูดแก้ 112 เอาใจคนรุ่นใหม่ สอดคล้อง นโยบาย ก้าวไกล เศรษฐา รีบ พลิกลิ้น ไม่แก้ ไม่เลิก 112 หลังเจอขุดยับ ทำ สว. ระ…,อนุทินเหมาะสมที่สุดที่จะเป็นนายก คนที่30,,อนุทินเหมาะสมที่สุดที่จะเป็นนายก คนที่30,เศรษฐา พลิกลิ้น ไม่แก้แล้ว112 เจอขุดคลิปแฉยับ ขุดคลิปแฉ ตอกย้ำ เศรษฐาอุ๊งอิ๊งชลน่าน เคยพูดแก้ 112 เอาใจคนรุ่นใหม่ สอดคล้อง นโยบาย ก้าวไกล เศรษฐา รีบ พลิกลิ้น ไม่แก้ ไม่เลิก 112 หลังเจอขุดยับ ทำ สว. ระ…
5783747,0.823,42,25,23,0.92,0,4,112.0,7679.5,ทำไมก้าวไกลไม่ประกาศยกเลิกแก้ไขมาตรา112 ไปเลยให้ชัดเจน ประเทศจะได้เดินหน้าได้ต่อ | พรรคก้าวไกล เรื่อง สส ทำร้ายผู้หญิง เรื่องถึงไหนแล้วครับ | เห็นด้วยหรือเห็นต่างดราม่าเด็กอายุ 10 ขวบขึ้นเวทีแสดงความคิดเห็นทางการเมือง | @@@@ กกต.มีมติส่งศาลรธน. @@@ | วอนพรรคก้าวไกล ยกเลิกการแก้ ม.112 ประเทศเดินหน้า พิธานายก หุ้นขึ้น ประชาชน มีความสุข,ความเดิม หลังผลเลือกตั้งออก ผมเริ่มรู้สึกแปลก ที่ ตลาดหุ้นตก ผมจึงเริ่มรู้ว่า นโยบาย กก ที่ผมไม่เคยได้อ่านรายละเอียด ทำไม่ได้จริง เป็นวาทกรรมแนว คอมมิวนิส และ จะทำให้ ประเทศล่มจมได้ ต่อมา พอ ศีริกัญชา…,แม้เลือกตั้งจะเลือก ก้าวไกล 2 ใบ แต่วันนี้ ผมตาสว่างแล้ว ผมเคยเชื่อว่า พรรคก้าวไกล จะเป็นพรรคที่จะ เปลี่ยนประเทศ ในทางที่ดีขึ้น ตอนนี้ รู้แล้วว่า เค้ามีวาระซ่อนเร้น เพียงแค่ จะล้มสถาบัน ช่วยพวกพ้อง สำ…,ได้ข่าว หัวหน้าพรรคอยากถอยเรื่อง 112 แต่เจ้าของพรรค และเลขา ไม่ยอม❗️ ตอนนี้ภายในพรรคปั่นป่วนมาก สมาชิกพรรค ส่วนใหญ่ อยากถอย ม112 เพื่อไปลองโหวตนายก วันที่ 19 เพราะ พรรค ภท บอกแค่ถอย เค้าจะให้เสียง ภท …,ได้ข่าว หัวหน้าพรรคอยากถอยเรื่อง 112 แต่เจ้าของพรรค และเลขา ไม่ยอม❗️ ตอนนี้ภายในพรรคปั่นป่วนมาก สมาชิกพรรค ส่วนใหญ่ อยากถอย ม112 เพื่อไปลองโหวตนายก วันที่ 19 เพราะ พรรค ภท บอกแค่ถอย เค้าจะให้เสียง ภท …,พังเพราะ ธร บุตร ช่อ จะแก้ 112 เพื่อช่วยพวกพ้อง ไม่งั้น พิธา จะได้เป็น นายก
130431,0.814,70,66,55,0.833,19,5,14.0,3221.0,มิติใหม่ของการแจกกล้วย แม้แต่ธรรมนัสและอนุทินยังอึ้ง | จะเกิดอะไรขึ้นกับ กกต. ไหม | ตอนแรกแนวโน้ม สว.ไม่โหวตให้ หลังๆข่าวออก ได้เกิน 376 จนเหตุการณ์แปลกๆในปัจจุบัน ลุงวางมือกกต.ยื่นศาลรับเรื่อง | งานงอก ศาลรธน.รับคำร้อง พิธาก้าวไกล เลิก 112 ใช้สิทธิเสรีภาพล้มล้างการปกครองฯ | เคยบอกหลายรอบแล้ว ยังไง พิธา ก็ไปไม่ถึงฝั่งฝัน,จุดแข็งของพรรคก้าวไกล คือมวลชนมหาศาลที่สนับสนุน ขั้วอำนาจเก่าฝ่ายตรงข้าม ต้องหาวิธีทำลายจุดนี้ให้ได้ ถึงจะทุบทำลายก้าวไกลได้ 112 คือไม้แรกที่ถูกจุดขึ้นมาหลอกล่อ ถ้าก้าวไกลติดกับดักยอมถอย 112 ซึ่งเท่าก…,เพราะความอยากสืบทอดอำนาจการปกครองของพวกทำรัฐประหารครับ เลยให้นายมีชัยมือกฎหมายและพรรคพวก ร่างรัฐธรรมนูญ 2560 เพื่อให้ฝ่ายตนได้เปรียบในการจัดตั้งรัฐบาล โดยการแต่งตั้งพวกตนเข้าไปเป็นกรรมการองค์กรอิสระต่…,คิดใหม่ได้นะ แนวคิดเรื่องแก้ไข 112 เขาเดินหน้ามานานแล้ว อีกทั้งระบุในนโยบายหาเสียง ประชาชนก็เฮไปเลือกเขาถึง 14 ล้านคะแนน อีก 7 พรรคร่วมฝั่งประชาธิปไตยก็ยินดีร่วมรัฐบาลด้วย จนรวมสส.ได้ถึง 312 เสียง ติด…,เรื่องปกติ นักการเมืองรุ่นใหม่อายุน้อย วิจารณ์การเมืองและพรรคการเมืองตรงไปตรงมาตามความคิดเขา ไม่ก้าวร้าวส่อเสียด อีกฝั่งถ้าเห็นว่าไม่ถูกต้องตรงไหนก็โต้แย้งกลับ โต้กันไปๆมาๆ นับว่าเป็นสีสันที่ดีของการเ…,เขาไม่ออกไปถนนกันเยอะ เพราะไม่อยากไปเข้าทางขั้วอำนาจเก่าที่จ้องจะหาเรื่องให้เกิดความวุ่นวายจนควบคุมไม่อยู่ เปิดช่องให้ทหารทำรัฐประหารอีกรอบ แค่รุมถล่มในโซเชียล พวกสว.กับกดต. ก็ดิ้นเป็นไส้เดือนแล้ว .
4559481,0.812,5,4,4,1.0,3,0,46.0,884.0,งงกับกองเชียร์เพื่อไทย | กก.ปชป.รทสช.ฝ่ายค้าน | วิเคราะห์การเมือง ยามไทม์ เมื่อคืน พี่ชู พูดได้สุดยอด | เลือกตั้งต่อไป ก้าวไกล จะได้ 400 เสียง ยิ่งถ้าได้คนดังๆ มาร่วม เช่น จาตุรนต์ ศิธา จตุพร สมชัย มาจะยิ่งแกร่งขึ้น,วิเคราะห์การเมือง ยามไทม์ เมื่อคืน พี่ชู พูดได้สุดยอด 41125 ครั้ง ในการดู ยอดโอนเข้าช่องถล่มทลาย ก็ต้องทำใจกับอนาคตประเทศไทยครับ,151เสียง แก้ 112 348เสียง ไม่แตะ 112 151เสียง ควรเป็นฝ่ายค้าน อย่าเอาเท้าราน้ำ,กำลังลำพอง 555,151เสียง แก้ 112 348เสียง ไม่แตะ 112 151เสียง ควรเป็นฝ่ายค้าน อย่าเอาเท้าราน้ำ,นานารักเลย
7008716,0.81,4,2,1,0.5,0,1,811.0,8902.5,ส.ว.กิตติศักดิ์ ชูเงื่อนไขขัดใจด้อมส้ม ลั่นพร้อมโหวตนายกฯเพื่อประเทศเดินต่อ | ศปปส. ให้กำลังใจ ชาดา,นายกิตติศักดิ์ ยังกล่าวถึงการยื่นแก้ไขรัฐธรรมนูญม.272 ว่า ตนคิดว่ากระแสจะตีกลับไปที่พรรคก้าวไกลเอง เพราะการจะทำให้สำเร็จนั้นไม่ใช่เรื่องง่าย ความจริงส.ว.ชุดนี้ก็จะหมดวาระในปีหน้าแล้ว ไม่แน่ว่าแม้เราจะ…,ส.ว.กิตติศักดิ์ ชูเงื่อนไขขัดใจด้อมส้ม ลั่นพร้อมโหวตนายกฯเพื่อประเทศเดินต่อ 17 ก.ค.2566 นายกิตติศักดิ์ รัตนวราหะ สมาชิกวุฒิสภา ส.ว. กล่าวถึงการโหวตเลือกนายกรัฐมนตรีในวันที่ 19 ก.ค.นี้ ว่าน่าจะเป็นไปด้…,ศปปส. ให้กำลังใจ ชาดา วันที่ 18 ก.ค. 2566 เวลา 1400 น ที่ทำการพรรคภูมิใจไทย นายอานนท์ กลิ่นแก้ว ประธานศูนย์รวมประชาชนปกป้องสถาบัน ศปปส. พร้อมสมาชิก 30 คน และนายมหัศจักร โสดี ตัวแทนหลวงปู่พุทธะอิสระ เด…,ส.ว.กิตติศักดิ์ ชูเงื่อนไขขัดใจด้อมส้ม ลั่นพร้อมโหวตนายกฯเพื่อประเทศเดินต่อ 17 ก.ค.2566 นายกิตติศักดิ์ รัตนวราหะ สมาชิกวุฒิสภา ส.ว. กล่าวถึงการโหวตเลือกนายกรัฐมนตรีในวันที่ 19 ก.ค.นี้ ว่าน่าจะเป็นไปด้…,นายกิตติศักดิ์ ยังกล่าวถึงการยื่นแก้ไขรัฐธรรมนูญม.272 ว่า ตนคิดว่ากระแสจะตีกลับไปที่พรรคก้าวไกลเอง เพราะการจะทำให้สำเร็จนั้นไม่ใช่เรื่องง่าย ความจริงส.ว.ชุดนี้ก็จะหมดวาระในปีหน้าแล้ว ไม่แน่ว่าแม้เราจะ…
